Ms,Susan,Walker
Mr,Joe,Hart
Mr,Rodney,Wheeler
Mr,Frederick,Lawrence
Mr,Jason,Stevens
Mr,Clinton,Payne
Miss,Jen,Garza
Miss,Andrea,Hart
Mr,Corey,Jordan
Mr,Ben,Hanson
Mrs,Marie,Rodriquez
Mr,Colin,Cook
Mrs,Samantha,Jennings
Miss,Ava,Black
Mr,Zander,Cox
Mr,Carter,Curtis
Ms,Tracey,Newman
Ms,Christina,Jones
Mr,Bob,Herrera
Mr,Brett,Garrett
Mr,Julio,Bryant
Miss,Maria,Watkins
Mrs,Emily,Willis
Mr,Marvin,Mitchelle
Mr,Enrique,Scott
Mr,Chad,Miller
Mr,Tyrone,Clarke
Mr,Lee,Perez
Mr,Roy,Newman
Mr,Clyde,Lynch
Ms,Faith,Watson
Mr,Darren,Nelson
Ms,Vicky,Lewis
Mr,Dick,Burton
Mrs,Charlotte,Morris
Mr,Jimmie,Mckinney
Mr,Frank,Fields
Miss,Lola,Gutierrez
Mr,Rodney,Jennings
Mr,Allan,Ramirez
Ms,Katie,Murray
Miss,Emily,Reed
Ms,Ellie,Hernandez
Miss,Kaitlin,Armstrong
Mrs,Paige,Gomez
Mr,Melvin,Beck
Ms,Izzie,Owens
Miss,Rose,Gilbert
Ms,Andrea,Evans
Miss,Lily,Gregory
Mr,Thomas,Little
Miss,Marie,Carr
Mrs,Sarah,Jackson
Mr,Stanley,Green
Mr,Daniel,Sullivan
Mr,Steve,Taylor
Ms,Carol,Alvarez
Miss,Alex,Douglas
Miss,Britney,Barnett
Mr,Larry,Castillo
Mr,Jesus,Jennings
Mr,Jimmy,Clarke
Miss,Alexandra,Carlson
Ms,Sarah,Crawford
Mrs,Kristin,Fox
Mr,Terry,Willis
Mr,Bill,Collins
Mr,Levi,Mccoy
Mr,Seth,Barnett
Mr,Jesse,Fields
Mr,Joshua,Herrera
Ms,Ellen,Gilbert
Mr,Stanley,Boyd
Mr,Arthur,Schmidt
Mr,Clayton,Johnston
Mr,Jesse,Gregory
Mr,Manuel,Roberts
Miss,Paige,Herrera
Mr,Roy,Cook
Mrs,Kelly,Hawkins
Mrs,Mandy,Reid
Mr,Joey,Coleman
Mr,Jar,Rogers
Mrs,Victoria,Young
Mr,Taylor,Watkins
Mr,Rich,Butler
Mrs,Nicky,Mills
Mr,Pat,Romero
Mr,Mason,Harper
Mr,Alvin,Cooper
Mr,Ian,Wilson
Miss,Isabella,Morrison
Mr,Bernard,Hunter
Mrs,Tammy,Rose
Mr,Ernest,Ryan
Mrs,Amelia,Beck
Ms,Izzie,Grant
Mr,Todd,Hunt
Mrs,Andrea,Johnston
Mr,Jamie,Mason
Miss,Rebecca,Miller
Miss,Britney,Hughes
Mr,Larry,Hanson
Mr,Dennis,Morales
Mr,Allan,Wood
Mr,Barry,Murphy
Mrs,Mary,Lambert
Miss,Patricia,Hawkins
Mr,Callum,Cooper
Mr,Theodore,Frazier
Mr,Dennis,Simmmons
Mr,Ruben,Ward
Mr,Ivan,Ray
Miss,Rebecca,Graham
Mr,Harvey,Hunt
Miss,Julia,Davies
Mrs,Judy,Fletcher
Mrs,Barbara,Matthews
Mr,Michael,Ross
Mrs,Mandy,Alvarez
Ms,Martha,Cook
Mr,Karl,Kennedy
Mr,Russell,Oliver
Mr,Eli,Lord
Mr,Angel,Richards
Ms,Eva,James
Mr,Harvey,Cunningham
Mr,Jeffrey,Davis
Mr,Francis,Mason
Mr,Earl,Soto
Miss,Becky,Johnson
Mrs,Vanessa,Vargas
Mr,Jacob,Lawrence
Mr,Wallace,Crawford
Mr,Maurice,Washington
Miss,Ava,Gray
Miss,Eleanor,Smith
Mr,Same,Brooks
Mr,Ernest,Vasquez
Miss,Ellen,Jacobs
Mr,Maurice,Gonzales
Ms,Caitlin,Simpson
Mrs,Olivia,Taylor
Mrs,Melissa,Gomez
Mr,Clarence,Bell
Mrs,Abby,Ross
Mr,Ernest,Turner
Mrs,Martha,Lord
Miss,Samantha,Mendoza
Ms,Lola,Kennedy
Miss,Janet,Carr
Mr,Willie,Reid
Mr,Edwin,Woods
Mr,Miguel,Lord
Mr,Sammy,Patterson
Mr,Dean,Freeman
Mr,Connor,Russell
Mr,Ian,Stanley
Mrs,Molly,Dixon
Mr,Dale,Baker
Mr,Morris,Fletcher
Mr,Jerome,Douglas
Mr,Arthur,Knight
Mr,Wyatt,Nichols
Mr,Edwin,Rivera
Mr,Aaron,Armstrong
Mr,Willard,Jennings
Miss,Eleanor,Dunn
Mr,Ralph,Knight
Miss,Marie,Fletcher
Mr,Alberto,Beck
Mr,Art,King
Mrs,Angela,Duncan
Mr,Sean,Robinson
Mr,Chester,Nelson
Mr,Mike,Barrett
Mr,Scott,Nelson
Mr,Marshall,Washington
Mrs,Carolyn,Carlson
Mrs,Rosie,Vargas
Mr,Ralph,Bell
Miss,Zoe,Horton
Mr,Ed,Russell
Mr,Alan,Beck
Mr,Roy,Olson
Ms,Victoria,Craig
Mrs,Kate,Ryan
Mr,Jon,Hill
Mr,Jon,Evans
Mr,Clyde,Harvey
Mrs,Jen,Palmer
Mr,Jorge,Campbell
Mr,Wesley,Brooks
Ms,Vicky,May
Mr,James,Sullivan
Mr,Flenn,Fowler
Ms,Susanna,Brooks
Ms,Marie,Shaw
Mr,Jessie,Armstrong
Ms,Carol,Payne
Mr,Travis,Day
Miss,Suzanne,Fletcher
Mr,Bradley,Lynch
Ms,Izzie,Jimenez
Mr,Elijah,Wallace
Ms,Tammy,Elliott
Mr,Carter,Chambers
Miss,Ellen,Gomez
Miss,Mia,Nelson
Mrs,Suzy,Shaw
Miss,Suzanne,Brown
Mr,Liam,Dixon
Ms,Isabelle,Garcia
Ms,Vanessa,Herrera
Miss,Mary,Ryan
Mr,Gary,Gardner
Mr,Virgil,Gordon
Miss,Hanna,Holmes
Miss,Amy,Mendoza
Miss,Lucy,Mills
Mr,Jerome,Evans
Mr,Douglas,Stanley
Ms,Erin,Simmons
Mr,Daniel,Jones
Mr,Terry,Hunter
Mr,Alan,Burns
Mr,Sergio,Lord
Miss,Caitlin,Matthews
Mr,Cody,Lucas
Ms,Heather,Hansen
Miss,Janet,Williamson
Ms,Michelle,Turner
Miss,Linda,Rogers
Ms,Sofia,Reyes
Mr,Cecil,George
Mrs,Maddison,Perry
Mr,Roy,Gonzalez
Mr,Justin,Lawson
Miss,Hanna,Fuller
Ms,Victoria,Thompson
Mrs,Amanda,Welch
Ms,Diana,Neal
Mr,Milton,Henry
Miss,Rebecca,Bennett
Mr,Richard,Ramos
Mr,Aaron,Perkins
Ms,Laura,Young
Mrs,Alexandra,Morgan
Ms,Marie,Little
Ms,Catherine,Cox
Miss,Vicky,Hale
Ms,Suzy,Wagner
Mr,Marshall,Boyd
Ms,Sam,Jones
Mrs,Andrea,Mccoy
Mr,Harvey,Brooks
Ms,Eva,Williams
Mr,Tracy,Sanchez
Mrs,Jennifer,Kelley
Ms,Susie,Graham
Miss,Caitlin,Mccoy
Miss,Barb,Marshall
Mr,Ronnie,Hansen
Mr,Reginald,Rodriguez
Mr,Samuel,Shaw
Mrs,Brittany,Curtis
Miss,Anna,Bennett
Mr,Leonard,Lord
Mr,Martin,Freeman
Miss,Ellie,Shaw
Ms,Phoebe,White
Mr,Guy,Lynch
Miss,Danielle,Cole
Mr,Bradley,Sanders
Mr,Tom,Walters
Miss,Lillian,Hawkins
Mr,Gabe,Castro
Ms,Abby,Newman
Mr,Sebastian,Hall
Mr,Wesley,Silva
Mrs,Amelia,Evans
Miss,Debra,Neal
Mr,George,Howell
Mr,Evan,Wright
Ms,Amy,Pearson
Mrs,Izzie,Murray
Mr,Virgil,Armstrong
Mr,Calvin,Jackson
Mr,Wesley,Sanders
Ms,Mia,Robertson
Ms,Sophie,Barrett
Mr,Todd,Lambert
Miss,Barbara,Howard
Mr,Chris,Gardner
Mr,Matt,Armstrong
Miss,Zoe,Stone
Mrs,Alison,Robinson
Mrs,Melissa,Martin
Mrs,Kaitlin,Diaz
Mrs,Nicky,Fields
Mrs,Lisa,Crawford
Mrs,Britney,Sutton
Miss,Marie,Schmidt
Miss,Jessica,Mills
Mr,Raymond,Morrison
Mrs,Janet,Wells
Mrs,Kathy,Silva
Mr,Elliot,Roberts
Mr,Frederick,Chavez
Mr,Eugene,Vargas
Ms,Vicki,Dunn
Mrs,Vanessa,Miller
Mrs,Brittany,James
Mrs,Emily,Vargas
Mrs,Diana,Shaw
Mr,Andre,Morrison
Mr,Bobby,Reed
Mr,Bradley,Fisher
Mrs,Melissa,Dixon
Miss,Holly,Spencer
Mr,Joshua,Hernandez
Mr,Morris,Little
Mr,Ethan,Miles
Mr,Kurt,Collins
Mr,Frederick,Rice
Miss,Christina,Alexander
Ms,Kate,Cole
Mr,Darrell,Gray
Miss,Vicky,Garza
Miss,Brittany,Edwards
Mr,Ethan,Black
Ms,Abby,Bishop
Mr,Stanley,Gardner
Ms,Patricia,Steward
Ms,Julia,Ward
Miss,Olivia,Mason
Mr,Ian,Howard
Mrs,Abbie,Harris
Ms,Mia,Nelson
Mr,Derrick,Vargas
Mr,Shawn,Black
Mrs,Olivia,Graham
Mrs,Elizabeth,Simpson
Ms,Kim,Perry
Ms,Sophie,Sutton
Mr,Lee,Miller
Miss,Jessica,Miller
Mr,Everett,Cruz
Mrs,Michelle,Jensen
Ms,Paige,Robertson
Mr,Carl,Warren
Mr,Don,Jimenez
Mrs,Suzanne,Warren
Mr,Manuel,George
Mr,Floyd,Palmer
Mrs,Lillian,Price
Mr,David,Fowler
Mr,Mike,Nelson
Miss,Emily,Lucas
Mr,Ken,Wallace
Mr,Ronnie,Gardner
Mr,Fred,Graves
Mr,Sammy,Holt
Mr,Roberto,Robinson
Mr,Ian,Wheeler
Mr,Scott,Mason
Mr,Alfredo,Anderson
Mr,Alvin,Ramos
Ms,Sara,Carr
Mrs,Lillian,Stone
Mrs,Kelly,Fisher
Mr,Jayden,Rodriquez
Mr,Edgar,Macrae
Mrs,Chloe,Brewer
Mr,Angel,Gray
Miss,Stephanie,Wood
Mrs,Suzanna,Shelton
Mrs,Amber,Cruz
Ms,Julie,Jacobs
Mr,Riley,Obrien
Mr,Craig,Evans
Mr,Alvin,Perkins
Mr,Ricardo,Sims
Mrs,Katherine,Clarke
Mr,Tom,Burton
Miss,Barbara,Martin
Miss,Florence,Davidson
Ms,Alison,Ruiz
Mr,Norman,Chapman
Miss,Judy,Mills
Miss,Stephanie,Bennett
Mr,Elmer,Myers
Mr,Ben,Lowe
Mrs,Lola,Kelley
Mr,Scott,Fleming
Mr,Sam,Thompson
Mrs,Heidi,Johnson
Mr,Matthew,Lopez
Mr,Adrian,Larson
Mr,Jeremiah,Olson
Mrs,Mia,Turner
Miss,Susanna,Spencer
Mr,Greg,Williams
Miss,Patricia,Mitchell
Ms,Lauren,Jensen
Miss,Angela,Burns
Mrs,Scarlett,Wells
Mr,Raymond,Franklin
Ms,Allie,Hill
Mr,Jerry,Willis
Mr,Timmothy,Spencer
Mr,Dwayne,Walker
Ms,Sharon,Davis
Miss,Sara,Gregory
Mrs,Sam,Nguyen
Mr,Dwayne,Cooper
Mr,Anthony,Diaz
Mr,Nolan,Silva
Miss,Melissa,Herrera
Miss,Anna,Carr
Miss,Zoe,Butler
Mrs,Lola,Cook
Mr,Jimmie,Snyder
Mr,Ruben,Ramos
Mr,Virgil,Cox
Mr,Phillip,Cooper
Mr,Tyler,Jimenez
Ms,Allie,Byrd
Mrs,Ellen,Curtis
Mr,Hunter,Jordan
Mr,Allen,Wallace
Miss,Katherine,Simmons
Mr,Ruben,Daniels
Mr,Sergio,Vasquez
Miss,Olivia,Lawrence
Mr,Albert,Cook
Mr,Alberto,Fuller
Miss,Danielle,Ryan
Mrs,Amber,Lane
Ms,Caroline,Silva
Ms,Alice,Patterson
Mr,Marcus,Jennings
Mr,Brad,Davidson
Ms,Lola,Marshall
Mrs,Faith,Mendoza
Mr,Roger,Perez
Miss,Rosie,Moore
Mr,Roland,Morales
Mr,Gerry,Shelton
Mrs,Melissa,Perkins
Miss,Emily,Campbell
Mr,Carter,Little
Mr,Tomothy,Crawford
Miss,Janet,Garrett
Mr,Taylor,Lopez
Ms,Lillian,Kuhn
Ms,Barb,Gonzalez
Mr,Willie,White
Mrs,Angie,Gregory
Mr,Clyde,Carpenter
Mr,Perry,Macrae
Mr,Aaron,Powell
Miss,Lily,Neal
Mrs,Brittany,Fields
Mr,Ramon,Jackson
Ms,Tracey,Stanley
Mr,Nathaniel,Jacobs
Miss,Olivia,Gonzalez
Mr,Oscar,Wagner
Ms,Rose,Carter
Mrs,Eleanor,Lucas
Miss,Chloe,Crawford
Mr,Armando,Hoffman
Mrs,Isabella,Fowler
Ms,Amber,Carlson
Mrs,Linda,Gomez
Mrs,Martha,Bates
Mr,Joshua,Rivera
Mrs,Allie,Cole
Mr,Liam,Torres
Mr,Melvin,Terry
Mr,Thomas,Payne
Mr,Clifton,Richardson
Mr,Marcus,Rice
Mr,Liam,Ferguson
Ms,Sharon,Snyder
Mrs,Lucy,Cook
Ms,Barbara,Hart
Mr,Henry,Ruiz
Mrs,Ellen,Carroll
Mr,Sam,Carr
Mr,Dylan,Fields
Miss,Phoebe,Turner
Ms,Andrea,Hall
Ms,Alison,George
Miss,Kim,Graves
Ms,Susie,Moore
Mr,Ed,Burns
Miss,Linda,Rodriguez
Mrs,Eliza,King
Mr,Eli,Hale
Mr,Jeremiah,Bates
Mrs,Sofia,Garcia
Mr,Bob,Fletcher
Ms,Danielle,Walker
Mr,Roger,Vargas
Mr,Dwight,Mcdonalid
Mr,Stephen,Fuller
Mr,Michael,Diaz
Mrs,Brooke,Brewer
Miss,Martha,Black
Mr,Dwayne,Price
Mr,Shaun,Rice
Mr,Willie,Johnston
Mr,Luis,Cole
Miss,Linda,Murphy
Mrs,Jenny,Lowe
Miss,Kristin,Nichols
Ms,Julie,Burton
Mr,Michael,Neal
Mrs,Grace,Mckinney
Mr,Justin,Fox
Mr,Leo,Green
Mr,Ivan,Bates
Mr,Liam,Robertson
Mrs,Katherine,Reyes
Mr,Bradley,Sims
Mrs,Amber,Hopkins
Mr,Herman,Newman
Mr,Felix,Thomas
Mr,Paul,Pena
Ms,Danielle,Reyes
Mr,Chester,Jordan
Ms,Debbie,Romero
Mr,Mason,Vargas
Mr,Theo,Bell
Ms,Melissa,Morales
Mrs,Sofia,Morgan
Ms,Jessica,Daniels
Mr,Sam,Woods
Miss,Kaitlin,Oliver
Mrs,Sharon,Watkins
Ms,Kaitlin,Terry
Mrs,Ella,Holmes
Mrs,Sophia,Lopez
Mr,Joey,Lane
Miss,Elizabeth,Harvey
Mr,Calvin,Berry
Ms,Avery,Price
Ms,Patricia,Baker
Ms,Barb,May
Ms,Tracy,Morales
Mr,Francisco,Mendoza
Mrs,Michelle,Pearson
Miss,Suzanna,Carlson
Mrs,Alex,Burke
Mr,Ivan,Hunter
Ms,Tracy,Wade
Mr,Adam,Fleming
Miss,Patricia,Fowler
Mr,Chad,Hart
Ms,Maddison,Beck
Ms,Izzie,Banks
Mr,Oscar,Newman
Mr,Randy,Simmons
Ms,Megan,Long
Ms,Samantha,Barnett
Mr,Ron,Smith
Mr,Arnold,Lopez
Mr,Jesus,Austin
Ms,Sarah,Chapman
Mrs,Lauren,Morrison
Miss,Rebecca,Jensen
Miss,Susanna,Murray
Mrs,Christina,Meyer
Mr,Johnny,Newman
Mr,Jordan,Robinson
Mr,Steve,Williams
Ms,Kathy,Franklin
Mr,Evan,Dean
Mr,Rich,Ramos
Ms,Erin,Walters
Ms,Jennifer,Cruz
Miss,Maddison,Watts
Mr,James,Meyer
Mr,Harry,James
Mrs,Holly,Larson
Mr,Leo,Hansen
Ms,Julia,Jones
Mr,Jorge,Torres
Miss,Rosie,Bell
Miss,Heather,Herrera
Miss,Mary,Gilbert
Mr,Benjamin,Marshall
Ms,Barbara,Davis
Ms,Brooke,Obrien
Mr,Freddie,May
Mr,Carter,Fuller
Mr,Lester,Cole
Mr,Nathaniel,Brewer
Miss,Kimberly,West
Mr,Aiden,Gilbert
Ms,Rebecca,Evans
Mrs,Holly,Gonzales
Mr,Phillip,Adams
Ms,Vicki,Stewart
Mr,Jerome,Carpenter
Mrs,Kristin,Powell
Miss,Rebecca,Knight
Miss,Grace,Davies
Mr,Manuel,Snyder
Mr,Christopher,Franklin
Mr,Arthur,Mason
Miss,Phoebe,Austin
Ms,Suzanne,Marshall
Miss,Maddison,Gonzalez
Miss,Phoebe,Fox
Mr,Tristan,Ryan
Mrs,Erin,Jacobs
Miss,Kate,Howell
Miss,Elizabeth,Gardner
Mrs,Judy,Simmons
Miss,Vanessa,Beck
Mr,Brayden,Newman
Mr,Shaun,Anderson
Mrs,Alison,Bates
Miss,Debbie,Vargas
Mr,Kurt,Lynch
Mrs,Alexandra,Wheeler
Miss,Ellie,Macrae
Mr,Gabriel,Jones
Mr,Dylan,Watson
Mr,Milton,Kelley
Mrs,Ella,Castro
Mr,Sebastian,James
Mr,Curtis,Richards
Mr,Kevin,Berry
Mr,Melvin,Harrison
Mr,Frank,Wade
Ms,Mandy,Cox
Ms,Kaitlin,Jennings
Ms,Kathy,Washington
Miss,Jen,Bates
Ms,Charlotte,Ortiz
Ms,Barb,Carter
Mr,Arron,Hawkins
Mr,Eddie,Reynolds
Mrs,Stephanie,Ramos
Mr,Willard,Carlson
Mrs,Judith,Carter
Mr,Jake,Pierce
Ms,Mary,Davidson
Mr,Shawn,Ryan
Mr,Don,Burke
Mr,Willard,Ford
Mr,Cory,Hanson
Mr,Gary,Herrera
Mr,Jacob,Carter
Ms,Scarlett,Adams
Mr,Clifford,Douglas
Miss,Faith,Chavez
Mr,Earl,Baker
Ms,Katie,Olson
Miss,Avery,Obrien
Ms,Mia,Lewis
Mr,Ramon,Wallace
Miss,Vicki,Harper
Mr,Elijah,Berry
Mr,Oscar,Neal
Mr,Donald,Ford
Mr,Darryl,Gonzalez
Ms,Kelly,Robinson
Mrs,Hanna,Brown
Ms,Leah,Shaw
Ms,Becky,Knight
Miss,Faith,Rose
Mr,Sebastian,Lambert
Mr,Craig,Chapman
Mr,Eduardo,Miles
Mrs,Suzanne,Grant
Ms,Holly,Sutton
Mr,Samuel,Rodriguez
Miss,Isabelle,Olson
Mr,Mike,Gomez
Mr,William,Alexander
Mr,Stanley,Simmmons
Mr,Wade,Gonzales
Mr,Taylor,Peterson
Mr,Pat,Davis
Ms,Jenny,Rodriquez
Ms,Sara,Mcdonalid
Mr,Pat,Fletcher
Mr,Christian,Wagner
Mr,Mitchell,Bennett
Mrs,Lola,Larson
Mr,Brad,Hanson
Ms,Eleanor,Gonzalez
Mr,Nick,James
Mr,Charlie,Romero
Mr,Charles,Hamilton
Mr,Joseph,Lawrence
Mr,Ernest,Carr
Mr,Seth,Martinez
Mr,Glen,Walters
Miss,Laura,Jennings
Miss,Zoe,Fields
Ms,Michelle,Ross
Mrs,Lucy,Morrison
Mr,Claude,Mills
Mr,Rick,Ward
Ms,Sophia,Neal
Mr,Byron,Barnett
Mr,Jim,Graham
Miss,Janet,Barnes
Mr,Greg,Butler
Mr,Russell,Simmmons
Mrs,Ashley,George
Mr,Joshua,Johnston
Mrs,Maria,Powell
Mr,Frederick,Clark
Miss,Julia,Stevens
Mr,Randall,Moore
Mr,Lance,Carr
Ms,Grace,Robinson
Ms,Deborah,Henderson
Ms,Nicky,Murray
Mr,Jonathan,Arnold
Ms,Kim,Little
Mr,Justin,Carpenter
Miss,Karen,Gray
Mrs,Ashley,Newman
Miss,Alex,Ferguson
Mr,Sam,Barnett
Mr,Jay,Wright
Mr,Lucas,Taylor
Mr,Edward,Griffin
Mr,Wallace,Elliott
Mr,Matt,Soto
Mrs,Scarlett,Jenkins
Mr,Shaun,Jacobs
Mr,Roy,Snyder
Mr,Rene,Carr
Mr,Don,Holmes
Ms,Andrea,Elliott
Ms,Stephanie,Freeman
Mrs,Molly,Patterson
Miss,Rosalyn,Grant
Mrs,Maddison,Lawson
Mr,Cory,Garza
Mr,Armando,Marshall
Mr,Lloyd,Douglas
Mrs,Katherine,Robertson
Mr,Ethan,Welch
Mrs,Isabelle,Fernandez
Mr,Isaiah,Morales
Mrs,Sofia,Anderson
Mr,Aaron,Henry
Mrs,Kathy,Hawkins
Mr,Connor,Hunt
Mr,Bill,Martinez
Ms,Kristin,Tucker
Mr,Ivan,Ryan
Ms,Florence,Palmer
Mr,Everett,Bailey
Mr,Wayne,Bailey
Mr,Troy,Gray
Mr,Carlos,Oliver
Miss,Alexandra,Rivera
Ms,Tracy,Taylor
Mr,Darrell,Shelton
Miss,Alex,Berry
Mr,Jar,Porter
Mr,Brian,Franklin
Miss,Amelia,Coleman
Miss,Chloe,Hughes
Mrs,Lisa,Holmes
Mr,Eduardo,Lee
Mr,Isaiah,Beck
Mr,Robert,Sims
Mrs,Kathy,Nguyen
Ms,Becky,Craig
Ms,Erin,Harvey
Mr,Javier,Wheeler
Mr,Virgil,Fleming
Mr,Eduardo,Silva
Mr,Same,Olson
Mr,Jeffrey,Reynolds
Miss,Lillian,Powell
Mrs,Sam,Payne
Mr,Jackson,Richards
Mr,Shaun,Nguyen
Mr,Xander,Griffin
Mr,Philip,Bryant
Mr,Erik,Harrison
Mr,Brennan,Simpson
Mr,Leonard,Wood
Ms,Patricia,Harper
Mrs,Mia,Boyd
Ms,Angela,Porter
Mrs,Susanna,Hunt
Mr,Ian,Matthews
Mr,Francisco,Reed
Mrs,Janet,Shaw
Mrs,Faith,Ray
Mr,William,Freeman
Mrs,Catherine,Burns
Miss,Susie,Bell
Miss,Angie,Reyes
Ms,Amanda,Payne
Mr,Owen,Cook
Ms,Rosalyn,Phillips
Miss,Sophia,Willis
Miss,Sophia,Price
Mrs,Alison,Gregory
Ms,Deborah,Montgomery
Miss,Amber,Gibson
Mr,Marshall,Gomez
Mrs,Ellen,Wallace
Mrs,Kate,Owens
Mr,Cody,Kim
Mr,Franklin,Vargas
Mr,Stanley,Rodriquez
Ms,Heidi,Fernandez
Ms,Debra,Jimenez
Mr,Wesley,Jacobs
Miss,Angela,Rodriguez
Mr,Morris,Stone
Miss,Paige,Martinez
Mr,Kent,Hansen
Mr,Sam,Black
Mr,Rick,Stanley
Mr,Jeremiah,Walters
Mr,Landon,Walker
Mr,Logan,Griffin
Mr,Xander,Fox
Miss,Amy,Jacobs
Mr,Darryl,West
Miss,Ellen,Richards
Mr,Christopher,Clark
Miss,Emma,Armstrong
Mrs,Deborah,Parker
Mr,Bobby,Stone
Ms,Lauren,Owens
Miss,Nicole,Beck
Mrs,Sharon,Bowman
Mrs,Kimberly,Dean
Mr,Fernando,Dunn
Ms,Suzy,Allen
Mrs,Isabelle,Harris
Mr,Harold,Powell
Mr,Harry,Gregory
Mrs,Alison,Nichols
Ms,Victoria,Morales
Mr,Corey,Castillo
Mr,Ed,Gomez
Mrs,Becky,Carlson
Mrs,Amelia,Silva
Mr,Colin,Gibson
Mr,Johnny,Chambers
Mr,Francis,Fields
Mrs,Holly,Caldwell
Mr,Wallace,Simmons
Mr,Matthew,Richardson
Miss,Lola,Brewer
Ms,Avery,Nguyen
Mr,Jeff,Baker
Mr,Phillip,Steward
Ms,Judith,Martinez
Mr,Warren,Caldwell
Mr,Darrell,Nguyen
Ms,Kelly,Jordan
Mr,Wade,Dean
Mrs,Jenny,Armstrong
Mr,Francis,Banks
Mr,Ivan,Garza
Mr,Patrick,Castillo
Ms,Rosie,Pearson
Mr,Kelly,Beck
Miss,Britney,Perez
Mrs,Amelia,Watkins
Mrs,Suzanne,Morrison
Mr,Jim,Fletcher
Mr,Lewis,Welch
Mr,Roland,Kelley
Mr,Tracy,Boyd
Mrs,Ava,Rodriguez
Mr,Glen,Jacobs
Miss,Cathy,Stone
Mrs,Linda,Medina
Mr,Sam,Wade
Ms,Ellen,Kelley
Mr,Jake,Fisher
Mrs,Laura,Wheeler
Mrs,Tammy,Gilbert
Ms,Amy,Cole
Mr,Jon,Bowman
Mr,Cecil,Payne
Miss,Allie,Ramirez
Mrs,Lucy,Ruiz
Mr,Salvador,Hicks
Miss,Ellie,Hudson
Miss,Danielle,Ward
Miss,Grace,White
Mr,Douglas,Snyder
Ms,Heidi,Rogers
Ms,Stephanie,Perry
Mrs,Amber,Harrison
Ms,Julie,Brown
Mrs,Rosie,Fuller
Mrs,Katherine,Little
Ms,Suzy,Hicks
Mr,Chad,Miller
Mr,Jack,Jimenez
Ms,Lisa,Hale
Mr,Johnny,Davidson
Mr,Duane,Martinez
Ms,Lauren,Jacobs
Mr,Jay,Graham
Mr,Jake,Long
Mr,Miguel,Snyder
Mr,Kent,Tucker
Mr,Andre,Jenkins
Mrs,Danielle,Warren
Mr,Darren,Carter
Mr,Bradley,Jenkins
Mr,Franklin,White
Miss,Rose,Bradley
Mr,Logan,Morrison
Mrs,Diana,Wells
Mrs,Eleanor,Garza
Mr,Riley,Cox
Mrs,Kathy,Neal
Ms,Kaitlin,Neal
Mr,Jay,Shelton
Mr,Adrian,Jordan
Mrs,Donna,Sullivan
Ms,Kathy,Barnes
Mr,Leon,Collins
Miss,Susanna,Harrison
Mr,Matthew,Owens
Mr,Scott,Curtis
Miss,Tammy,Schmidt
Mrs,Molly,Gibson
Miss,Tammy,Hanson
Miss,Emma,Banks
Miss,Brooke,Lane
Mrs,Isabella,Fox
Mrs,Tammy,Davis
Miss,Emma,Gordon
Mrs,Jen,Webb
Miss,Nicky,Watts
Mr,Charles,Snyder
Mr,Fred,Kuhn
Mr,Rafael,Miles
Mr,Harry,Torres
Mr,Eric,Warren
Mrs,Eva,Douglas
Mr,Lloyd,Pierce
Mr,Vincent,Dixon
Mr,Bradley,Simmmons
Mr,Ricky,Dixon
Ms,Kimberly,Powell
Mr,Dick,Long
Mrs,Alex,Willis
Miss,Jennifer,Day
Mr,Sergio,Austin
Mr,Warren,Banks
Mr,Neil,Hicks
Mr,Ron,Hamilton
Mrs,Anna,Fletcher
Miss,Judy,Cruz
Mr,Luke,Mitchell
Mr,Bob,Cruz
Ms,Sofia,Holt
Mr,Alfredo,Myers
Mr,Theodore,Scott
Mr,Charles,Gonzalez
Ms,Susanna,Knight
Mr,Antonio,Hoffman
Mr,Jimmie,Lane
Mr,Guy,Kim
Ms,Rosalyn,Matthews
Mr,Roland,Torres
Mr,Victor,Cook
Mr,Andre,Allen
Miss,Lillian,Nguyen
Mrs,Lola,Fowler
Mrs,Lillian,West
Mr,Stephen,Hill
Mr,Jay,Payne
Mr,Marvin,Fowler
Miss,Cathy,Horton
Mr,Gregory,Carr
Ms,Erin,Rogers
Miss,Karen,Meyer
Mr,Joel,Jordan
Mrs,Vicki,Mccoy
Mrs,Victoria,Fields
Ms,Kate,Sanchez
Mr,Roy,Hoffman